{
  "parent": "builtin/generated",
  "textures": {
    "layer0": "flansmod:items/Jury_Order"
  },
  "display": {
    "thirdperson_righthand": {
      "rotation": [
        0,
        90,
        -45
      ],
      "translation": [
        0,
        2,
        -2
      ],
      "scale": [
        0,
        0,
        0
      ]
    },
    "thirdperson_lefthand": {
      "rotation": [
        0,
        90,
        -45
      ],
      "translation": [
        0,
        2,
        -2
      ],
      "scale": [
        0,
        0,
        0
      ]
    },
    "firstperson_righthand": {
      "rotation": [
        0,
        -135,
        25
      ],
      "translation": [
        0,
        4,
        2
      ],
      "scale": [
        1,
        1,
        1
      ]
    },
    "firstperson_lefthand": {
      "rotation": [
        0,
        -135,
        25
      ],
      "translation": [
        0,
        4,
        2
      ],
      "scale": [
        1,
        1,
        1
      ]
    }
  }
}