{
  "AK47Shoot": {
    "category": "player",
    "sounds": [
      "flansmod:AK47Shoot"
    ]
  },
  "AK74Shoot": {
    "category": "player",
    "sounds": [
      "flansmod:AK74Shoot"
    ]
  },
  "BARReload": {
    "category": "player",
    "sounds": [
      "flansmod:BARReload"
    ]
  },
  "BarrettShoot": {
    "category": "player",
    "sounds": [
      "flansmod:BarrettShoot"
    ]
  },
  "MWBazookaReload": {
    "category": "player",
    "sounds": [
      "flansmod:MWBazookaReload"
    ]
  },
  "BrenReload": {
    "category": "player",
    "sounds": [
      "flansmod:BrenReload"
    ]
  },
  "BrowningReload": {
    "category": "player",
    "sounds": [
      "flansmod:BrowningReload"
    ]
  },
  "MWColtReload": {
    "category": "player",
    "sounds": [
      "flansmod:MWColtReload"
    ]
  },
  "DesertEagleShoot": {
    "category": "player",
    "sounds": [
      "flansmod:DesertEagleShoot"
    ]
  },
  "DP28Reload": {
    "category": "player",
    "sounds": [
      "flansmod:DP28Reload"
    ]
  },
  "DragunovShoot": {
    "category": "player",
    "sounds": [
      "flansmod:DragunovShoot"
    ]
  },
  "G36Shoot": {
    "category": "player",
    "sounds": [
      "flansmod:G36Shoot"
    ]
  },
  "Kar98kReload": {
    "category": "player",
    "sounds": [
      "flansmod:Kar98kReload"
    ]
  },
  "LeeEnfieldReload": {
    "category": "player",
    "sounds": [
      "flansmod:LeeEnfieldReload"
    ]
  },
  "MWLugerReload": {
    "category": "player",
    "sounds": [
      "flansmod:MWLugerReload"
    ]
  },
  "L96Shoot": {
    "category": "player",
    "sounds": [
      "flansmod:L96Shoot"
    ]
  },
  "M1CarbineReload": {
    "category": "player",
    "sounds": [
      "flansmod:M1CarbineReload"
    ]
  },
  "M9Shoot": {
    "category": "player",
    "sounds": [
      "flansmod:M9Shoot"
    ]
  },
  "M14Shoot": {
    "category": "player",
    "sounds": [
      "flansmod:M14Shoot"
    ]
  },
  "M21Shoot": {
    "category": "player",
    "sounds": [
      "flansmod:M21Shoot"
    ]
  },
  "M60Shoot": {
    "category": "player",
    "sounds": [
      "flansmod:M60Shoot"
    ]
  },
  "M249Shoot": {
    "category": "player",
    "sounds": [
      "flansmod:M249Shoot"
    ]
  },
  "M1014Reload": {
    "category": "player",
    "sounds": [
      "flansmod:M1014Reload"
    ]
  },
  "M1014Shoot": {
    "category": "player",
    "sounds": [
      "flansmod:M1014Shoot"
    ]
  },
  "MG42Reload": {
    "category": "player",
    "sounds": [
      "flansmod:MG42Reload"
    ]
  },
  "MiniUziShoot": {
    "category": "player",
    "sounds": [
      "flansmod:MiniUziShoot"
    ]
  },
  "MP5Shoot": {
    "category": "player",
    "sounds": [
      "flansmod:MP5Shoot"
    ]
  },
  "MWMP40Reload": {
    "category": "player",
    "sounds": [
      "flansmod:MWMP40Reload"
    ]
  },
  "MWMP44Reload": {
    "category": "player",
    "sounds": [
      "flansmod:MWMP44Reload"
    ]
  },
  "P90Shoot": {
    "category": "player",
    "sounds": [
      "flansmod:P90Shoot"
    ]
  },
  "PPSHReload": {
    "category": "player",
    "sounds": [
      "flansmod:PPSHReload"
    ]
  },
  "R700Shoot": {
    "category": "player",
    "sounds": [
      "flansmod:R700Shoot"
    ]
  },
  "Reload1": {
    "category": "player",
    "sounds": [
      "flansmod:Reload1"
    ]
  },
  "RPDShoot": {
    "category": "player",
    "sounds": [
      "flansmod:RPDShoot"
    ]
  },
  "RPGShoot": {
    "category": "player",
    "sounds": [
      "flansmod:RPGShoot"
    ]
  },
  "SkorpionShoot": {
    "category": "player",
    "sounds": [
      "flansmod:SkorpionShoot"
    ]
  },
  "MWSpringfieldReload": {
    "category": "player",
    "sounds": [
      "flansmod:MWSpringfieldReload"
    ]
  },
  "MWStenReload": {
    "category": "player",
    "sounds": [
      "flansmod:MWStenReload"
    ]
  },
  "MWThompsonReload": {
    "category": "player",
    "sounds": [
      "flansmod:MWThompsonReload"
    ]
  },
  "TT33Reload": {
    "category": "player",
    "sounds": [
      "flansmod:TT33Reload"
    ]
  },
  "USPShoot": {
    "category": "player",
    "sounds": [
      "flansmod:USPShoot"
    ]
  },
  "W1200Reload": {
    "category": "player",
    "sounds": [
      "flansmod:W1200Reload"
    ]
  },
  "W1200Shoot": {
    "category": "player",
    "sounds": [
      "flansmod:W1200Shoot"
    ]
  },
  "GlockShoot": {
    "category": "player",
    "sounds": [
      "flansmod:GlockShoot"
    ]
  },
  "SG550Shoot": {
    "category": "player",
    "sounds": [
      "flansmod:SG550Shoot"
    ]
  },
  "AT4Shoot": {
    "category": "player",
    "sounds": [
      "flansmod:AT4Shoot"
    ]
  },
  "MakarovShoot": {
    "category": "player",
    "sounds": [
      "flansmod:MakarovShoot"
    ]
  },
  "SIGP229Shoot": {
    "category": "player",
    "sounds": [
      "flansmod:MakarovShoot"
    ]
  },
  "R870Shoot": {
    "category": "player",
    "sounds": [
      "flansmod:R870Shoot"
    ]
  },
  "FNSCARShoot": {
    "category": "player",
    "sounds": [
      "flansmod:FNSCARShoot"
    ]
  },
  "Helicopter1": {
    "category": "player",
    "sounds": [
      "flansmod:Helicopter1"
    ]
  },
  "Helicopter2": {
    "category": "player",
    "sounds": [
      "flansmod:Helicopter2"
    ]
  },
  "HelicopterStart": {
    "category": "player",
    "sounds": [
      "flansmod:HelicopterStart"
    ]
  },
  "JetEngine1": {
    "category": "player",
    "sounds": [
      "flansmod:JetEngine1"
    ]
  },
  "JetEngine2": {
    "category": "player",
    "sounds": [
      "flansmod:JetEngine2"
    ]
  },
  "RocketFire1": {
    "category": "player",
    "sounds": [
      "flansmod:RocketFire1"
    ]
  },
  "RocketFire2": {
    "category": "player",
    "sounds": [
      "flansmod:RocketFire2"
    ]
  },
  "BulletHit": {
    "category": "player",
    "sounds": [
      "flansmod:BulletHit"
    ]
  },
  "MinigunWarmup": {
    "category": "player",
    "sounds": [
      "flansmod:MinigunWarmup"
    ]
  },
  "MinigunSpin": {
    "category": "player",
    "sounds": [
      "flansmod:MinigunSpin"
    ]
  },
  "MinigunCooldown": {
    "category": "player",
    "sounds": [
      "flansmod:MinigunCooldown"
    ]
  },
  "M1887Shoot": {
    "category": "player",
    "sounds": [
      "flansmod:M1887Shoot"
    ]
  },
  "M1887Reload": {
    "category": "player",
    "sounds": [
      "flansmod:M1887Reload"
    ]
  },
  "GrenadeLauncherShoot": {
    "category": "player",
    "sounds": [
      "flansmod:GrenadeLauncherShoot"
    ]
  },
  "GL6Reload": {
    "category": "player",
    "sounds": [
      "flansmod:GL6Reload"
    ]
  },
  "GrenadeLauncherReload": {
    "category": "player",
    "sounds": [
      "flansmod:GrenadeLauncherReload"
    ]
  },
  "M1A2Start": {
    "category": "player",
    "sounds": [
      "flansmod:M1A2Start"
    ]
  },
  "M1A2_Run": {
    "category": "player",
    "sounds": [
      "flansmod:M1A2_Run"
    ]
  },
  "90mm": {
    "category": "player",
    "sounds": [
      "flansmod:90mm"
    ]
  },
  "ChallengerIdle": {
    "category": "player",
    "sounds": [
      "flansmod:ChallengerIdle"
    ]
  },
  "ChallengerRun": {
    "category": "player",
    "sounds": [
      "flansmod:ChallengerRun"
    ]
  },
  "MinigunShoot": {
    "category": "player",
    "sounds": [
      "flansmod:MinigunShoot"
    ]
  },
  "TurretTraverse1": {
    "category": "player",
    "sounds": [
      "flansmod:TurretTraverse1"
    ]
  },
  "TurretTraverse2": {
    "category": "player",
    "sounds": [
      "flansmod:TurretTraverse2"
    ]
  },
  "JudgeReload": {
    "category": "player",
    "sounds": [
      "flansmod:JudgeReload"
    ]
  },
  "JuryReload": {
    "category": "player",
    "sounds": [
      "flansmod:JuryReload"
    ]
  },
  "JuryShoot": {
    "category": "player",
    "sounds": [
      "flansmod:JuryShoot"
    ]
  },
  "ExecutionerShoot": {
    "category": "player",
    "sounds": [
      "flansmod:ExecutionerShoot"
    ]
  },
  "ExecutionerReload": {
    "category": "player",
    "sounds": [
      "flansmod:ExecutionerReload"
    ]
  },
    "KrissVectorShoot": {
    "category": "player",
    "sounds": [
      "flansmod:KrissVectorShoot"
    ]
  },
  "KrissVectorReload": {
    "category": "player",
    "sounds": [
      "flansmod:KrissVectorReload"
    ]
  },
  "JetIdle": {
    "category": "player",
    "sounds": [
      "flansmod:JetIdle"
    ]
  }
}
